date,price
2020-01-18 07:34:05,2298.0
2020-01-18 18:35:29,2298.0
2020-01-20 06:10:53,2298.0
2020-01-20 19:30:38,2298.0
2020-01-21 18:36:48,2298.0
2020-01-22 18:35:43,2298.0
2020-01-23 18:52:48,2299.0
2020-01-24 19:34:57,2299.0
2020-01-25 19:50:48,2499.0
2020-01-27 05:30:35,2499.0
2020-01-28 01:30:27,2499.0
2020-01-29 02:42:23,2684.0
2020-01-29 20:02:27,2499.0
2020-01-31 01:10:37,2499.0
2020-01-31 18:58:46,2499.0
2020-02-02 00:28:08,2499.0
2020-02-02 21:42:16,2499.0
2020-02-03 18:39:40,2499.0
2020-02-04 19:52:15,2499.0
2020-02-05 19:38:57,2499.0
2020-02-06 19:32:47,2499.0
2020-02-07 19:36:40,2499.0
2020-02-08 18:59:11,2299.0
2020-02-10 00:20:51,2117.0
2020-02-10 18:46:33,2499.0
2020-02-11 23:28:46,2117.0
2020-02-12 19:28:44,2499.0
2020-02-13 19:10:35,2299.0
2020-02-14 18:36:59,2499.0
2020-02-16 04:32:46,2299.0
2020-02-16 18:50:54,2499.0
2020-02-18 04:55:25,2499.0
2020-02-18 19:14:52,2117.0
2020-02-19 20:32:38,2499.0
2020-02-20 18:35:26,2299.0
2020-02-21 18:38:21,2499.0
2020-02-22 19:22:47,2299.0
2020-02-23 19:54:13,2499.0
2020-02-24 20:18:45,2499.0
2020-02-25 18:43:02,2299.0
2020-02-26 18:48:50,2117.0
2020-02-27 18:46:48,2299.0
2020-02-28 18:37:14,2117.0
2020-02-29 18:53:03,2499.0
2020-03-01 18:37:43,2499.0
2020-03-02 19:00:52,2499.0
2020-03-03 19:58:28,2299.0
2020-03-04 18:39:35,2299.0
2020-03-05 18:34:48,2299.0
2020-03-06 18:38:45,2499.0
2020-03-07 19:02:58,2499.0
2020-03-09 03:10:43,2287.0
2020-03-09 19:34:48,2499.0
2020-03-10 19:10:42,2499.0
2020-03-11 18:46:53,2499.0
2020-03-13 02:24:43,2499.0
2020-03-14 02:06:49,2299.0
2020-03-14 18:54:36,2499.0
2020-03-15 18:41:02,2499.0
2020-03-16 18:36:58,2399.0
2020-03-17 18:37:32,2399.0
2020-03-18 18:59:45,2399.0
2020-03-19 18:51:25,2399.0
2020-03-21 03:52:19,2399.0
2020-03-21 18:43:04,2299.0
2020-03-22 18:35:05,1948.0
2020-03-23 19:50:45,2499.0
2020-05-19 21:04:41,2499.0
2020-05-21 07:08:24,2499.0
2020-05-21 18:38:38,2499.0
2020-05-22 22:08:09,2499.0
2020-05-23 23:02:48,2499.0
2020-05-24 19:34:46,2499.0
2020-05-25 19:30:13,2499.0
2020-05-26 19:02:28,2499.0
2020-05-27 18:40:24,2499.0
2020-05-29 04:46:13,2499.0
2020-05-29 18:40:31,2499.0
2020-05-31 04:56:11,2499.0
2020-06-01 06:22:17,2499.0
2020-06-01 18:56:39,2499.0
2020-06-03 06:12:59,2499.0
2020-06-03 19:16:34,2499.0
2020-06-04 19:42:46,2499.0
2020-06-05 20:12:22,2499.0
2020-06-07 05:18:43,2499.0
2020-06-27 20:54:17,2399.0
2020-06-28 21:12:06,2499.0
2020-06-29 21:29:19,2399.0
2020-06-30 21:32:16,2499.0
2020-07-01 21:53:17,2499.0
2020-07-02 22:09:17,2499.0
2020-07-03 22:14:25,2499.0
2020-07-04 22:24:20,2499.0
2020-07-05 22:45:24,2499.0
2020-07-06 23:11:20,2499.0
2020-07-07 19:13:34,2499.0
2020-07-08 18:42:19,2699.0
2020-07-08 18:51:02,2499.0
2020-07-09 18:54:53,2499.0
2020-07-09 19:30:10,2499.0
2020-07-10 18:37:32,2117.0
2020-07-11 18:35:16,2499.0
2020-07-11 19:34:05,2499.0
2020-07-12 18:45:01,2499.0
2020-07-13 08:07:10,2499.0
2020-07-13 18:41:35,2499.0
2020-07-13 19:14:49,2299.0
2020-07-14 18:32:31,2299.0
2020-07-15 16:35:38,2400.0
2020-07-15 21:50:58,2199.0
2020-07-16 09:43:10,2499.0
2020-07-16 18:41:18,2499.0
2020-07-17 04:45:49,2499.0
2020-07-17 19:52:55,2499.0
2020-07-18 08:15:24,2499.0
2020-07-18 18:56:51,2499.0
2020-07-19 01:51:16,2499.0
2020-07-19 18:35:08,2499.0
2020-07-20 18:55:34,2499.0
2020-07-21 18:50:50,2299.0
2020-07-22 11:50:21,2299.0
2020-07-22 18:46:40,2299.0
2020-07-23 18:34:45,2299.0
2020-07-24 01:20:36,2299.0
2020-07-25 18:16:16,2299.0
2020-07-26 19:38:31,2299.0
2020-07-30 07:21:54,2499.0
2020-08-01 02:57:14,2499.0
2020-08-02 18:42:36,2299.0
2020-08-05 01:49:41,2499.0
2020-08-06 02:37:17,2499.0
2020-08-06 10:02:27,2499.0
2020-08-06 12:14:29,2499.0
2020-08-06 14:32:39,2499.0
2020-08-06 18:40:57,2499.0
2020-08-07 06:33:48,2499.0
2020-08-07 08:16:25,2499.0
2020-08-07 16:35:05,2499.0
2020-08-07 18:48:18,2199.0
2020-08-08 05:14:37,2199.0
2020-08-08 10:01:45,2199.0
2020-08-08 16:47:42,2199.0
2020-08-08 19:36:14,2117.0
2020-08-09 13:05:57,2199.0
2020-08-09 14:27:55,2199.0
2020-08-09 17:29:17,2199.0
2020-08-09 18:26:57,2199.0
2020-08-09 18:39:11,2199.0
2020-08-09 18:50:04,2199.0
2020-08-10 02:49:58,2199.0
2020-08-10 07:05:21,2199.0
2020-08-10 16:23:28,2199.0
2020-08-10 18:47:08,2117.0
2020-08-11 09:33:15,2199.0
2020-08-11 11:00:39,2199.0
2020-08-11 12:52:27,2199.0
2020-08-11 12:56:29,2199.0
2020-08-11 13:08:28,2499.0
2020-08-12 17:21:06,2499.0
2020-08-13 10:51:28,2499.0
2020-08-13 12:48:37,2499.0
2020-08-13 19:01:23,2499.0
2020-08-14 05:56:24,2499.0
2020-08-14 12:53:02,2499.0
2020-08-15 12:48:44,2499.0
2020-08-15 19:53:54,2499.0
2020-08-16 13:43:49,2499.0
2020-08-17 13:09:13,2399.0
2020-08-18 03:19:56,2399.0
2020-08-18 08:12:05,2399.0
2020-08-18 11:39:48,2399.0
2020-08-18 12:51:21,2399.0
2020-08-18 13:44:10,2499.0
2020-08-19 13:44:29,2499.0
2020-08-20 08:21:30,2499.0
2020-08-20 17:59:30,2499.0
2020-08-21 08:23:02,2499.0
2020-08-21 08:45:04,2499.0
2020-08-21 10:42:17,2499.0
2020-08-21 12:49:28,2499.0
2020-08-22 07:11:52,2499.0
2020-08-22 13:02:43,2499.0
2020-08-23 14:46:39,2499.0
2020-08-23 18:15:28,2499.0
2020-08-24 14:48:31,2499.0
2020-08-25 12:54:52,2499.0
2020-08-25 23:32:39,2499.0
2020-08-26 16:46:58,2499.0
2020-08-27 12:42:37,2499.0
2020-08-27 12:50:19,2299.0
2020-08-27 13:04:11,2499.0
2020-08-28 10:32:16,2299.0
2020-08-28 13:02:34,2499.0
2020-08-29 10:46:57,2499.0
2020-08-29 12:54:27,2499.0
2020-08-29 13:43:53,2299.0
2020-08-30 01:30:57,2299.0
2020-08-30 05:33:13,2299.0
2020-08-30 16:25:49,2499.0
2020-08-31 08:09:21,2299.0
2020-08-31 13:09:48,2591.0
2020-09-01 10:02:51,2591.0
2020-09-01 14:05:16,2299.0
2020-09-01 23:07:08,2299.0
2020-09-02 01:24:19,2299.0
2020-09-02 14:11:55,2499.0
2020-09-03 11:01:12,2499.0
2020-09-03 14:49:02,2499.0
2020-09-04 03:44:26,2299.0
2020-09-04 05:44:27,2299.0
2020-09-04 13:29:19,2499.0
2020-09-05 12:52:20,2499.0
2020-09-05 13:37:43,2299.0
2020-09-06 13:33:13,2499.0
2020-09-07 13:28:45,2499.0
2020-09-08 13:22:28,2299.0
2020-09-09 15:46:25,2299.0
2020-09-10 14:00:35,2299.0
2020-09-11 07:28:22,2299.0
2020-09-11 15:57:25,2299.0
2020-09-12 04:28:26,2499.0
2020-09-12 13:10:25,2299.0
2020-09-13 13:58:15,2299.0
2020-09-14 13:12:33,2499.0
2020-09-15 13:06:18,2299.0
2020-09-16 02:40:58,2299.0
2020-09-16 14:50:10,2499.0
2020-09-17 11:24:44,2499.0
2020-09-17 13:30:43,2299.0
2020-09-18 14:17:33,2299.0
2020-09-19 13:06:53,2499.0
2020-09-20 13:16:36,2499.0
2020-09-21 00:54:19,2499.0
2020-09-21 13:06:55,2499.0
2020-09-22 13:39:55,2299.0
2020-09-23 07:33:57,2299.0
2020-09-23 13:16:00,2499.0
2020-09-24 06:38:38,2499.0
2020-09-24 13:36:20,2450.0
2020-09-25 13:30:19,2450.0
2020-09-26 06:05:24,2450.0
2020-09-26 13:14:42,2299.0
2020-09-27 05:03:34,2299.0
2020-09-27 06:55:20,2299.0
2020-09-27 13:08:32,2299.0
2020-09-28 01:52:27,2299.0
2020-09-28 04:28:43,2299.0
2020-09-28 05:34:43,2299.0
2020-09-28 06:26:37,2299.0
2020-09-28 12:25:25,2299.0
2020-09-28 13:51:56,2299.0
2020-09-29 13:06:55,2499.0
2020-09-30 13:12:12,2499.0
2020-10-01 05:45:12,2499.0
2020-10-01 13:16:39,2499.0
2020-10-02 07:32:14,2499.0
2020-10-02 17:10:47,2299.0
2020-10-03 03:38:04,2499.0
2020-10-03 13:16:27,2299.0
2020-10-04 17:52:36,2299.0
2020-10-05 13:45:36,2499.0
2020-10-06 04:14:31,2499.0
2020-10-06 08:30:53,2499.0
2020-10-06 13:05:25,2499.0
2020-10-07 13:05:44,2499.0
2020-10-08 16:25:36,2499.0
2020-10-09 13:49:34,2499.0
2020-10-10 11:10:47,2499.0
2020-10-10 13:53:51,2499.0
2020-10-10 18:45:13,2499.0
2020-10-11 13:05:21,2499.0
2020-10-12 13:05:34,2499.0
2020-10-13 07:54:13,2499.0
2020-10-13 08:34:46,2499.0
2020-10-13 17:20:04,2499.0
2020-10-14 03:20:28,2499.0
2020-10-14 06:56:27,2499.0
2020-10-14 07:35:24,2499.0
2020-10-14 13:05:53,2499.0
2020-10-15 07:21:39,2499.0
2020-10-15 19:12:26,2099.0
2020-10-15 21:36:36,2099.0
2020-10-16 02:24:17,2099.0
2020-10-16 03:43:19,2099.0
2020-10-16 04:17:22,2099.0
2020-10-16 08:08:26,2099.0
2020-10-16 08:32:06,2099.0
2020-10-16 09:32:30,2099.0
2020-10-16 09:56:25,2099.0
2020-10-16 12:50:37,2499.0
2020-10-16 14:22:20,2499.0
2020-10-16 17:56:59,2499.0
2020-10-16 18:19:54,2499.0
2020-10-16 18:36:57,2499.0
2020-10-16 19:05:12,2099.0
2020-10-16 20:06:38,2099.0
2020-10-16 20:37:54,2099.0
2020-10-17 03:21:12,2099.0
2020-10-17 05:01:58,2099.0
2020-10-17 14:59:34,2099.0
2020-10-17 17:58:24,2099.0
2020-10-18 06:20:31,2099.0
2020-10-18 07:17:40,2099.0
2020-10-18 15:22:33,2099.0
2020-10-18 19:07:08,2099.0
2020-10-18 19:22:20,2099.0
2020-10-19 04:03:11,2099.0
2020-10-19 04:54:35,2099.0
2020-10-19 08:35:18,2099.0
2020-10-19 10:38:23,2099.0
2020-10-19 13:03:48,2099.0
2020-10-20 15:09:27,2099.0
2020-10-20 15:50:15,2099.0
2020-10-20 19:08:46,2099.0
2020-10-21 12:45:24,2099.0
2020-10-21 14:46:25,2099.0
2020-10-21 16:04:19,2099.0
2020-10-21 16:46:15,2099.0
2020-10-21 18:25:44,2099.0
2020-10-21 20:08:49,2099.0
2020-10-22 03:13:39,2099.0
2020-10-22 06:37:18,2099.0
2020-10-22 10:53:10,2099.0
2020-10-22 11:08:14,2099.0
2020-10-22 13:07:53,2099.0
2020-10-23 07:24:08,2099.0
2020-10-23 08:45:36,2099.0
2020-10-23 13:01:11,2099.0
2020-10-24 04:21:20,2099.0
2020-10-24 13:13:37,2099.0
2020-10-24 19:48:27,2099.0
2020-10-25 13:11:32,2099.0
2020-10-26 13:56:46,2099.0
2020-10-26 14:12:55,2099.0
2020-10-27 04:49:56,2099.0
2020-10-27 05:09:07,2099.0
2020-10-27 07:03:58,2099.0
2020-10-27 07:19:41,2099.0
2020-10-27 08:53:12,2099.0
2020-10-27 13:05:37,2099.0
2020-10-28 03:29:22,2099.0
2020-10-28 13:10:53,2099.0
2020-10-29 03:47:15,2099.0
2020-10-29 05:00:05,2099.0
2020-10-29 17:09:25,2099.0
2020-10-29 18:10:04,2099.0
2020-10-30 09:04:26,2099.0
2020-10-30 14:26:27,2099.0
2020-10-30 20:26:30,2099.0
2020-10-31 17:58:47,2099.0
2020-11-01 04:27:47,2099.0
2020-11-01 06:05:42,2099.0
2020-11-01 13:11:56,2099.0
2020-11-02 10:20:30,2099.0
2020-11-02 11:06:43,2099.0
2020-11-02 11:34:09,2099.0
2020-11-02 12:01:35,2099.0
2020-11-02 13:31:10,2099.0
2020-11-03 12:54:15,2099.0
2020-11-03 15:24:28,2099.0
2020-11-04 13:30:06,2099.0
2020-11-04 17:37:29,2099.0
2020-11-04 17:56:50,2099.0
2020-11-05 05:35:53,2099.0
2020-11-05 13:01:18,2099.0
2020-11-06 02:27:47,2099.0
2020-11-06 16:13:05,2099.0
2020-11-07 08:33:40,2099.0
2020-11-07 13:08:08,2099.0
2020-11-07 22:33:39,2099.0
2020-11-10 10:09:18,2099.0
2020-11-10 18:45:54,2099.0
2020-11-11 19:55:28,2099.0
2020-11-12 19:02:14,2099.0
2020-11-13 18:34:27,2413.0
2020-11-14 18:46:23,2473.0
2020-11-15 18:34:22,2473.0
2020-11-16 19:27:29,2473.0
2020-11-17 18:43:12,2473.0
2020-11-18 18:48:41,2499.0
2020-11-19 19:01:12,2499.0
2020-11-20 18:32:37,2499.0
2020-11-21 19:15:10,2499.0
2020-11-22 19:02:53,2299.0
2020-11-23 19:01:02,2299.0
2020-11-24 18:41:18,2299.0
2020-11-26 00:46:32,2299.0
2020-11-26 18:50:23,2299.0
2020-11-27 19:41:36,2299.0
2020-11-28 19:10:24,2299.0
2020-11-29 18:50:33,2299.0
2020-11-30 18:50:04,2499.0
2020-12-01 19:08:54,2499.0
2020-12-02 18:31:20,2499.0
2020-12-03 19:04:32,2499.0
2020-12-04 18:30:17,2499.0
2020-12-05 18:51:39,2499.0
2020-12-06 18:45:34,2499.0
2020-12-07 18:33:42,2499.0
2020-12-08 18:30:44,2499.0
2020-12-09 18:56:46,2499.0
2020-12-11 01:22:34,2499.0
2020-12-11 18:32:23,2499.0
2020-12-13 00:43:18,2499.0
2020-12-13 18:46:08,2499.0
2020-12-14 19:12:25,2299.0
2020-12-15 18:58:50,2299.0
2020-12-17 00:46:35,2499.0
2020-12-17 13:39:45,2499.0
2020-12-18 06:01:59,2499.0
2020-12-19 15:16:29,2499.0
2020-12-19 18:35:46,2499.0
2020-12-20 18:56:46,2499.0
2020-12-21 19:04:18,2499.0
2020-12-22 18:32:21,2499.0
2020-12-23 18:31:55,2499.0
2020-12-24 18:41:35,2499.0
2020-12-25 18:44:33,2499.0
2020-12-26 18:50:50,2499.0
2020-12-28 00:30:56,2499.0
2020-12-28 18:41:19,2499.0
2020-12-29 18:30:37,2499.0
2020-12-31 00:42:12,2499.0
2020-12-31 18:49:24,2499.0
2021-01-01 18:46:46,2499.0
2021-01-02 18:46:18,2499.0
2021-01-03 19:01:20,2499.0
2021-01-04 13:04:11,2499.0
2021-01-05 11:27:17,2499.0
2021-01-05 18:45:56,2499.0
2021-01-06 18:45:53,2499.0
2021-01-07 18:39:02,2499.0
2021-01-08 18:34:43,2499.0
2021-01-10 00:31:13,2499.0
2021-01-11 00:49:04,2499.0
2021-01-11 18:40:12,2499.0
2021-01-13 01:21:10,2499.0
2021-01-13 18:48:22,2499.0
2021-01-14 19:10:17,2499.0
2021-01-16 00:59:08,2499.0
2021-01-16 18:33:15,2499.0
2021-01-17 18:31:18,2499.0
2021-01-18 19:08:56,2099.0
2021-01-19 18:40:38,2099.0
2021-01-20 19:24:25,2099.0
2021-01-21 18:42:52,2099.0
2021-01-23 02:24:48,2099.0
2021-01-23 19:03:02,2099.0
2021-01-24 19:17:57,2099.0
2021-01-25 18:30:25,2499.0
2021-01-27 01:11:17,2499.0
2021-01-27 19:33:53,2499.0
2021-01-28 18:36:18,2499.0
2021-01-29 19:21:46,2499.0
2021-01-30 19:38:49,2499.0
2021-01-31 19:03:23,2199.0
2021-02-01 18:37:55,2199.0
2021-02-02 19:46:53,2199.0
2021-02-03 19:30:51,2499.0
2021-02-04 18:47:25,2499.0
2021-02-05 18:51:41,2499.0
2021-02-06 19:24:13,2499.0
2021-02-07 18:43:57,2499.0
2021-02-08 18:35:46,2499.0
2021-02-09 19:23:30,2499.0
2021-02-10 19:01:43,2499.0
2021-02-11 18:36:29,2499.0
2021-02-12 19:05:28,2499.0
2021-02-13 21:10:52,2499.0
2021-02-14 13:13:33,2499.0
2021-02-15 13:42:50,2499.0
2021-02-16 13:07:20,2499.0
2021-02-17 06:59:29,2499.0
2021-02-17 13:08:07,2499.0
2021-02-18 13:33:49,2499.0
2021-02-19 17:33:11,2499.0
2021-02-19 18:32:42,2499.0
2021-02-20 18:41:58,2499.0
2021-02-21 18:56:55,2499.0
2021-02-22 18:45:15,2499.0
2021-02-23 18:45:55,2499.0
2021-02-24 18:31:12,2499.0
2021-02-25 18:35:59,2199.0
2021-02-27 00:41:42,2499.0
2021-02-27 18:52:34,2499.0
2021-02-28 18:49:23,2199.0
2021-03-01 18:57:05,2499.0
2021-03-02 18:37:46,2499.0
2021-03-03 18:55:35,2499.0
2021-03-04 18:44:41,2499.0
2021-03-05 18:39:29,2499.0
2021-03-07 02:15:39,2499.0
2021-03-08 03:59:24,2499.0
2021-03-09 00:30:57,2499.0
2021-03-10 02:06:14,2499.0
2021-03-11 17:58:01,2699.0
2021-03-11 18:50:16,2699.0
2021-03-12 19:58:06,2699.0
2021-03-14 01:56:48,2499.0
2021-03-14 19:07:46,2899.0
2021-03-15 19:21:51,2899.0
2021-03-17 02:32:33,2499.0
2021-03-20 01:23:33,2499.0
2021-03-20 19:10:39,2499.0
2021-03-21 18:35:44,2499.0
2021-03-22 18:58:43,2499.0
2021-03-24 02:14:56,2499.0
2021-03-24 19:00:55,2499.0
2021-03-25 18:47:55,2499.0
2021-03-26 19:17:07,2499.0
2021-03-27 18:31:37,2499.0
2021-03-28 18:35:13,2499.0
2021-03-29 19:20:48,2499.0
2021-03-30 18:52:26,2499.0
2021-03-31 18:49:51,2499.0
2021-04-01 19:09:16,2899.0
2021-04-03 04:35:27,2800.0
2021-04-04 01:15:44,2999.0
2021-04-06 08:08:03,2499.0
2021-04-06 19:22:05,2499.0
2021-04-07 18:43:05,2499.0
2021-04-08 19:28:03,2499.0
2021-04-09 19:08:03,2499.0
2021-04-14 19:14:03,2484.0
2021-04-15 19:16:05,2484.0
2021-04-16 18:41:04,2484.0
2021-04-17 19:12:04,2484.0
2021-04-18 18:46:03,2484.0
2021-04-19 18:30:05,2484.0
2021-04-21 00:39:03,2484.0
2021-04-21 18:46:04,2484.0
2021-04-23 01:31:03,2484.0
2021-04-23 18:43:04,2458.0
2021-04-24 19:29:03,2458.0
2021-04-25 18:55:02,2499.0
2021-04-27 00:31:02,2499.0
2021-04-28 00:46:03,2499.0
2021-04-28 18:44:03,2499.0
2021-04-29 19:05:04,2499.0
2021-04-30 19:19:42,2249.0
2021-05-02 01:45:03,2249.0
2021-05-03 02:03:05,2249.0
2021-05-04 02:54:04,2249.0
2021-05-04 18:34:03,2249.0
2021-05-05 18:34:02,2249.0
2021-05-06 18:42:04,2249.0
2021-05-07 18:50:04,2249.0
2021-05-09 01:19:04,2499.0
2021-05-10 03:03:03,2499.0
2021-05-11 03:08:03,2499.0
2021-05-12 02:01:04,2499.0
2021-05-13 02:13:04,2499.0
2021-05-14 01:33:03,2499.0
2021-05-15 06:26:59,2499.0
2021-05-15 18:33:03,2249.0
2021-05-17 01:15:04,2249.0
2021-05-17 19:23:05,2249.0
2021-05-18 19:13:04,2249.0
2021-05-19 19:17:04,2249.0
2021-05-20 18:39:04,2249.0
2021-05-22 01:35:05,2249.0
2021-05-23 00:45:02,2249.0
2021-05-23 18:30:06,2249.0
2021-05-25 00:57:06,2249.0
2021-05-25 19:25:06,2249.0
2021-05-27 00:39:05,2249.0
2021-05-27 18:46:05,2249.0
2021-05-28 19:18:05,2249.0
2021-05-30 05:29:04,2249.0
2021-05-30 19:29:03,2249.0
2021-06-01 04:43:04,2199.0
2021-06-01 18:56:03,2199.0
2021-06-03 01:19:05,2199.0
2021-06-04 01:04:04,2199.0
2021-06-04 19:18:05,2199.0
2021-06-06 01:44:06,2199.0
2021-06-07 02:15:03,2199.0
2021-06-07 19:11:04,2199.0
2021-06-08 19:28:03,2199.0
2021-06-10 04:03:05,2499.0
2021-06-11 05:25:06,2393.0
2021-06-12 05:08:05,2199.0
2021-06-13 02:39:04,2199.0
2021-06-13 18:30:03,2199.0
2021-06-15 00:49:05,2199.0
2021-06-16 00:36:03,2199.0
2021-06-16 19:50:50,2199.0
2021-06-18 02:40:03,2117.0
2021-06-18 22:34:54,2199.0
2021-06-19 14:27:52,2199.0
2021-06-20 19:27:53,2499.0
2021-06-21 14:16:24,2499.0
2021-06-22 01:53:36,2499.0
2021-06-22 19:28:04,2199.0
2021-06-24 08:51:04,2499.0
2021-06-25 05:58:02,2499.0
2021-06-26 02:27:05,2199.0
2021-06-26 13:12:58,2199.0
2021-06-27 02:26:56,2199.0
2021-06-28 04:18:04,2499.0
2021-06-29 02:22:04,2499.0
2021-06-29 18:56:05,2499.0
2021-07-01 02:49:03,2249.0
2021-07-02 02:02:03,2249.0
2021-07-03 01:37:05,2249.0
2021-07-04 00:59:05,2392.0
2021-07-05 01:54:05,2392.0
2021-07-05 19:28:02,2499.0
2021-07-07 03:55:04,2499.0
2021-07-08 03:58:05,2499.0
2021-07-08 19:10:05,2499.0
2021-07-09 22:17:55,2499.0
2021-07-11 00:31:03,2499.0
2021-07-11 19:09:03,2499.0
2021-07-13 05:33:10,2499.0
2021-07-14 00:57:05,2499.0
2021-07-15 02:55:06,2499.0
2021-07-16 05:10:06,2499.0
2021-07-17 02:57:03,2499.0
2021-07-17 18:52:05,2499.0
2021-07-18 19:21:05,2499.0
2021-07-20 02:08:06,2392.0
2021-07-21 01:50:06,2392.0
2021-07-22 02:45:03,2392.0
2021-07-23 11:22:05,2499.0
2021-07-23 20:08:09,2299.0
2021-07-24 18:49:04,2299.0
2021-07-25 19:33:24,2099.0
2021-07-26 19:07:07,2299.0
2021-07-27 20:14:26,2299.0
2021-07-29 03:40:07,2299.0
2021-07-29 18:53:54,2299.0
2021-07-31 01:01:04,2599.0
2021-07-31 18:31:34,2599.0
2021-08-01 15:13:50,2499.0
2021-08-02 03:39:28,2499.0
2021-08-03 03:40:05,2599.0
2021-08-04 03:45:04,2399.0
2021-08-04 13:16:00,2399.0
2021-08-05 05:57:08,2399.0
2021-08-05 19:11:06,2399.0
2021-08-06 21:25:04,2399.0
2021-08-08 03:05:06,2399.0
2021-08-08 18:39:38,2399.0
2021-08-10 01:40:05,2399.0
2021-08-11 02:30:05,2599.0
2021-08-12 00:50:04,2599.0
2021-08-13 07:35:07,2599.0
2021-08-14 04:00:07,2599.0
2021-08-15 02:35:05,2599.0
2021-08-16 03:20:05,2599.0
2021-08-16 13:18:23,2599.0
2021-08-17 05:54:54,2599.0
2021-08-18 02:10:04,2599.0
2021-08-19 01:20:05,2599.0
2021-08-20 01:30:06,2599.0
2021-08-21 00:50:07,2599.0
2021-08-22 08:30:05,2599.0
2021-08-23 03:15:03,2490.0
2021-08-24 00:30:05,2505.0
2021-08-25 00:55:04,2599.0
2021-08-26 01:05:04,2599.0
2021-08-27 06:48:04,2599.0
2021-08-27 18:30:05,2599.0
2021-08-28 18:35:06,2599.0
2021-08-29 18:56:23,2599.0
2021-08-30 19:00:03,2599.0
2021-09-01 02:40:04,2499.0
2021-09-01 19:00:04,2499.0
2021-09-02 19:15:04,2499.0
2021-09-03 19:05:04,2598.0
2021-09-05 04:48:31,2599.0
2021-09-06 05:25:03,2599.0
2021-09-07 03:25:03,2599.0
2021-09-07 19:15:03,2599.0
2021-09-09 07:35:05,2599.0
2021-09-10 05:15:04,2599.0
2021-09-11 04:50:05,2598.0
2021-09-11 16:55:16,2599.0
2021-09-12 06:41:24,2599.0
2021-09-13 01:10:06,2598.0
2021-09-13 19:00:08,2598.0
2021-09-14 18:45:07,2598.0
2021-09-16 04:45:04,2598.0
2021-09-17 11:30:06,2599.0
2021-09-18 03:30:05,2599.0
2021-09-19 04:20:07,2599.0
2021-09-20 01:20:03,2599.0
2021-09-21 07:25:05,2599.0
2021-09-21 15:45:55,2599.0
2021-09-22 21:59:53,2599.0
2021-09-23 14:46:16,2599.0
2021-09-24 13:53:06,2599.0
2021-09-25 00:16:01,2599.0
2021-09-26 04:45:03,2599.0
2021-09-27 06:05:05,2599.0
2021-09-28 05:45:05,2599.0
2021-09-29 04:22:52,2599.0
2021-09-29 21:31:33,2599.0
2021-09-29 23:32:34,2599.0
2021-10-01 02:06:40,2599.0
2021-10-01 18:48:33,2299.0
2021-10-02 19:00:08,2202.0
2021-10-03 19:25:04,2299.0
2021-10-04 19:49:20,2299.0
2021-10-06 00:45:02,2299.0
2021-10-06 18:30:21,2299.0
2021-10-07 13:22:49,2299.0
2021-10-08 03:42:30,2299.0
2021-10-08 18:49:27,2299.0
2021-10-10 05:20:02,2299.0
2021-10-10 18:38:05,2299.0
2021-10-12 02:21:04,2299.0
2021-10-13 08:46:48,2299.0
2021-10-13 20:16:40,2599.0
2021-10-15 03:55:02,2599.0
2021-10-15 19:25:02,2299.0
2021-10-16 19:39:58,2299.0
2021-10-18 11:00:04,2299.0
2021-10-19 06:25:02,2299.0
2021-10-19 19:48:52,2299.0
2021-10-21 05:12:59,2299.0
2021-10-22 09:20:03,2299.0
2021-10-22 19:21:46,2299.0
2021-10-24 05:15:05,2299.0
2021-10-25 09:40:02,2299.0
2021-10-26 05:40:32,2299.0
2021-10-27 09:55:14,2299.0
2021-10-27 18:30:27,2299.0
2021-10-29 05:36:49,2299.0
2021-10-30 07:00:21,2299.0
2021-10-31 06:57:45,2299.0
2021-10-31 19:54:31,2299.0
2021-11-02 08:35:03,2202.0
2021-11-02 18:35:05,2202.0
2021-11-02 22:51:57,2299.0
2021-11-04 01:21:41,2299.0
2021-11-04 21:53:03,2299.0
2021-11-06 01:03:49,2299.0
2021-11-07 00:07:39,2299.0
2021-11-07 23:08:14,2299.0
2021-11-09 07:18:02,2299.0
2021-11-10 06:57:46,2599.0
2021-11-10 23:42:13,2599.0
2021-11-12 01:42:12,2599.0
2021-11-12 14:12:22,2599.0
2021-11-13 14:02:19,2599.0
2021-11-14 13:18:08,2599.0
2021-11-16 00:38:27,2599.0
2021-11-17 03:46:59,2599.0
2021-11-17 15:42:31,2599.0
2021-11-18 14:42:39,2599.0
2021-11-19 02:49:50,2599.0
2021-11-19 20:12:36,2599.0
2021-11-20 15:42:15,2599.0
2021-11-22 15:26:45,2599.0
2021-11-22 23:12:39,2590.0
2021-11-23 21:14:53,2599.0
2021-11-25 05:25:14,2599.0
2021-11-25 20:12:35,2202.0
2021-11-26 20:18:23,2469.0
2021-11-27 14:04:37,2599.0
2021-11-28 09:27:49,2599.0
2021-11-29 11:15:04,2599.0
2021-11-30 03:05:03,2599.0
2021-12-01 03:25:37,2599.0
2021-12-01 19:10:05,2202.0
2021-12-03 02:20:03,2599.0
2021-12-03 16:52:44,2599.0
2021-12-04 03:08:23,2599.0
2021-12-05 03:25:04,2599.0
2021-12-05 13:45:06,2599.0
2021-12-06 08:04:15,2599.0
2021-12-06 13:33:12,2599.0
2021-12-07 02:26:52,2599.0
2021-12-07 14:08:58,2599.0
2021-12-08 06:48:55,2599.0
2021-12-08 18:39:00,2599.0
2021-12-10 03:20:03,2599.0
2021-12-11 01:15:27,2599.0
2021-12-12 05:05:11,2599.0
2021-12-14 19:25:04,2599.0
2021-12-16 01:45:04,2599.0
2021-12-16 18:40:03,2599.0
2021-12-16 23:45:48,2599.0
2021-12-18 19:20:04,2599.0
2021-12-19 23:30:03,2599.0
2021-12-20 06:43:54,2599.0
2021-12-20 21:09:15,2599.0
2021-12-21 18:40:05,2599.0
2021-12-22 18:45:02,2599.0
2021-12-23 19:10:03,2599.0
2021-12-24 02:20:05,2599.0
2021-12-25 02:29:14,2599.0
2021-12-25 20:33:33,2599.0
2021-12-27 10:45:03,2599.0
2021-12-28 15:25:04,2599.0
2021-12-28 18:50:17,2599.0
2021-12-29 19:10:02,2599.0
2021-12-30 18:50:02,2599.0
2021-12-31 00:05:47,2599.0
2022-01-01 09:21:25,2599.0
2022-01-02 03:45:03,2599.0
2022-01-03 01:25:02,2599.0
2022-01-04 02:55:02,2599.0
2022-01-04 14:36:04,2599.0
2022-01-05 04:52:55,2599.0
2022-01-05 16:30:17,2599.0
2022-01-06 03:19:33,2599.0
2022-01-07 08:40:05,2499.0
2022-01-08 03:50:03,2499.0
2022-01-08 19:15:02,2599.0
2022-01-09 12:46:24,2599.0
2022-01-10 05:44:51,2599.0
2022-01-10 22:50:28,2599.0
2022-01-12 07:30:55,2599.0
2022-01-14 18:10:04,2599.0
2022-01-14 18:10:46,2599.0
2022-01-15 09:54:50,2599.0
2022-01-16 06:23:19,2299.0
2022-01-16 19:07:08,2299.0
2022-01-17 20:23:07,2599.0
2022-01-17 22:36:34,2299.0
2022-01-18 21:16:56,2599.0
2022-01-19 23:20:59,2299.0
2022-01-21 04:02:36,2599.0
2022-01-22 09:45:03,2202.0
2022-01-22 13:15:04,2599.0
2022-01-23 10:23:00,2599.0
2022-01-24 03:50:04,2599.0
2022-01-26 04:40:03,2599.0
2022-01-27 06:05:00,2599.0
2022-01-28 01:50:04,2599.0
2022-01-28 23:25:13,2599.0
2022-01-30 01:35:56,2599.0
2022-01-30 10:41:28,2599.0
2022-01-31 00:01:11,2599.0
2022-01-31 19:58:07,2599.0
2022-02-02 12:35:02,2599.0
2022-02-03 12:20:03,2599.0
2022-02-03 20:08:44,2599.0
2022-02-04 09:01:29,2599.0
2022-02-04 23:37:46,2599.0
2022-02-06 06:25:04,2599.0
2022-02-07 13:22:37,2599.0
2022-02-07 21:53:18,2599.0
2022-02-08 21:21:29,2598.0
2022-02-09 19:20:03,2599.0
2022-02-11 04:55:02,2599.0
2022-02-12 06:55:04,2599.0
2022-02-12 19:25:03,2599.0
2022-02-13 13:44:08,2580.0
2022-02-14 13:39:53,2599.0
2022-02-14 21:51:33,2580.0
2022-02-15 13:15:53,2599.0
2022-02-16 05:36:55,2580.0
2022-02-16 13:21:59,2599.0
2022-02-17 07:47:32,2599.0
2022-02-17 13:32:02,2599.0
2022-02-18 14:55:24,2599.0
2022-02-19 07:25:06,2599.0
2022-02-20 01:00:03,2202.0
2022-02-21 01:35:03,2599.0
2022-02-21 13:20:37,2599.0
2022-02-22 18:46:06,2599.0
2022-02-23 18:37:33,2760.0
2022-02-25 04:40:04,2799.0
2022-02-26 18:00:03,2799.0
2022-02-27 06:20:03,2780.0
2022-02-27 13:36:46,2799.0
2022-02-28 09:26:44,2799.0
2022-03-01 01:55:06,2799.0
2022-03-01 18:50:04,2799.0
2022-03-02 13:22:31,2799.0
2022-03-03 01:11:44,2799.0
2022-03-03 19:20:03,2799.0
2022-03-04 20:02:28,2799.0
2022-03-05 21:59:45,2779.0
2022-03-07 01:05:54,2779.0
2022-03-07 20:34:18,2372.0
2022-03-08 19:52:02,2799.0
2022-03-09 19:11:38,2799.0
2022-03-10 13:29:07,2799.0
2022-03-11 12:20:09,2799.0
2022-03-11 22:03:42,2799.0
2022-03-13 04:15:02,2799.0
2022-03-14 01:05:04,2799.0
2022-03-15 00:52:06,2799.0
2022-03-15 13:23:13,2799.0
2022-03-16 06:39:45,2799.0
2022-03-16 23:14:17,2799.0
2022-03-18 03:05:04,2799.0
2022-03-19 05:15:04,2799.0
2022-03-19 20:47:11,2799.0
2022-03-20 13:39:22,2799.0
2022-03-21 13:47:47,2799.0
2022-03-21 21:38:17,2799.0
2022-03-22 20:48:49,2799.0
2022-03-23 13:49:17,2799.0
2022-03-23 22:38:27,2799.0
2022-03-24 14:01:38,2799.0
2022-03-25 04:05:06,2799.0
2022-03-25 22:11:19,2799.0
2022-03-26 18:40:03,2799.0
2022-03-27 19:25:03,2799.0
2022-03-28 19:00:04,2799.0
2022-03-30 09:35:03,2799.0
2022-03-30 19:01:47,2799.0
2022-03-31 21:42:53,2779.0
2022-04-01 18:40:02,2799.0
2022-04-02 19:25:04,2779.0
2022-04-03 22:59:19,2799.0
2022-04-04 19:10:03,2779.0
2022-04-06 04:10:04,2779.0
2022-04-07 01:45:04,2779.0
2022-04-07 18:35:05,2779.0
2022-04-08 22:47:48,2779.0
2022-04-09 18:40:04,2799.0
2022-04-11 01:50:03,2799.0
2022-04-12 00:35:05,2649.0
2022-04-12 18:35:06,2649.0
2022-04-14 03:20:04,2649.0
2022-04-15 05:40:04,2499.0
2022-04-16 01:35:05,2649.0
2022-04-17 02:25:03,2649.0
2022-04-17 18:33:39,2649.0
2022-04-18 13:40:46,2799.0
2022-04-19 06:10:50,2649.0
2022-04-20 09:55:02,2649.0
2022-04-21 03:05:05,2799.0
2022-04-22 01:45:04,2799.0
2022-04-23 07:45:04,2799.0
2022-04-23 18:47:08,2372.0
2022-04-25 03:10:03,2649.0
2022-04-25 19:35:14,2649.0
2022-04-27 05:46:36,2649.0
2022-04-27 21:09:13,2649.0
2022-04-28 18:33:42,2649.0
2022-04-30 03:55:13,2799.0
2022-04-30 19:00:05,2799.0
2022-05-01 18:42:36,2799.0
2022-05-03 02:23:57,2499.0
2022-05-03 13:05:11,2499.0
2022-05-04 16:12:52,2499.0
2022-05-05 05:35:20,2499.0
2022-05-05 13:48:46,2499.0
2022-05-06 13:23:09,2499.0
2022-05-07 12:30:40,2499.0
2022-05-08 04:00:05,2499.0
2022-05-08 13:27:19,2499.0
2022-05-08 19:52:51,2499.0
2022-05-09 13:15:16,2799.0
2022-05-10 12:38:13,2799.0
2022-05-12 03:15:04,2799.0
2022-05-12 18:45:02,2799.0
2022-05-14 14:15:02,2499.0
2022-05-15 07:20:04,2499.0
2022-05-16 12:55:02,2499.0
2022-05-16 19:54:37,2499.0
2022-05-17 19:00:04,2655.0
2022-05-19 07:55:03,2499.0
2022-05-19 13:05:50,2499.0
2022-05-20 02:51:47,2499.0
2022-05-21 16:00:03,2499.0
2022-05-22 00:45:04,2499.0
2022-05-22 18:50:03,2499.0
2022-05-24 01:00:03,2499.0
2022-05-25 01:05:03,2655.0
2022-05-26 07:45:05,2655.0
2022-05-27 00:50:05,2655.0
2022-05-28 16:40:03,2499.0
2022-05-29 14:05:57,2499.0
2022-06-20 04:04:39,2799.0
2022-06-21 05:29:12,2799.0
2022-06-22 07:10:52,2799.0
2022-06-23 07:49:01,2799.0
2022-06-24 07:56:19,2799.0
2022-06-25 09:13:54,2799.0
2022-06-26 09:18:28,2799.0
2022-06-26 20:13:58,2799.0
2022-06-28 00:55:57,2499.0
2022-06-28 05:13:52,2799.0
2022-06-28 12:30:08,2499.0
2022-06-28 13:40:02,2799.0
2022-06-28 17:30:47,2499.0
2022-06-28 22:36:21,2799.0
2022-06-29 14:57:30,2499.0
2022-06-29 20:16:50,2799.0
2022-06-30 04:22:59,2499.0
2022-06-30 05:00:26,2799.0
2022-06-30 08:52:18,2499.0
2022-06-30 09:09:15,2799.0
2022-06-30 12:35:11,2499.0
2022-06-30 13:15:15,2799.0
2022-06-30 14:56:12,2499.0
2022-06-30 22:20:54,2799.0
2022-07-01 06:37:37,2499.0
2022-07-01 07:07:40,2799.0
2022-07-02 01:19:29,2499.0
2022-07-02 02:28:08,2799.0
2022-07-02 07:01:29,2499.0
2022-07-02 12:41:50,2799.0
2022-07-02 20:27:28,2499.0
2022-07-02 22:28:00,2799.0
2022-07-02 23:10:55,2499.0
2022-07-03 09:27:29,2799.0
2022-07-03 10:58:08,2499.0
2022-07-04 06:05:42,2799.0
2022-07-04 13:36:36,2499.0
2022-07-04 16:49:36,2799.0
2022-07-04 20:54:54,2499.0
2022-07-05 03:05:45,2799.0
2022-07-06 08:36:07,2799.0
2022-07-06 18:36:21,2799.0
2022-07-07 19:52:27,2799.0
2022-07-08 18:48:01,2799.0
2022-07-09 19:12:44,2499.0
2022-07-10 00:49:23,2799.0
2022-07-10 04:35:34,2499.0
2022-07-10 12:09:32,2799.0
2022-07-10 15:18:13,2499.0
2022-07-10 20:10:44,2799.0
2022-07-10 23:30:53,2499.0
2022-07-11 19:22:21,2499.0
2022-07-12 14:59:41,2799.0
2022-07-12 17:50:40,2499.0
2022-07-13 20:13:35,2499.0
2022-07-14 19:12:16,2499.0
2022-07-15 18:50:22,2499.0
2022-07-16 14:36:46,2699.0
2022-07-16 18:59:05,2499.0
2022-07-16 23:01:28,2728.0
2022-07-17 03:21:14,2699.0
2022-07-17 03:52:35,2499.0
2022-07-17 06:52:38,2599.0
2022-07-17 07:11:28,2728.0
2022-07-17 20:18:44,2799.0
2022-07-18 08:26:48,2799.0
2022-07-19 09:44:21,2799.0
2022-07-19 18:58:46,2799.0
2022-07-21 13:36:59,2799.0
2022-07-21 19:01:44,2399.0
2022-07-22 00:02:35,2799.0
2022-07-22 01:38:31,2399.0
2022-07-22 12:02:54,2799.0
2022-07-22 13:49:08,2399.0
2022-07-23 00:02:00,2799.0
2022-07-23 04:27:58,2399.0
2022-07-23 12:02:13,2799.0
2022-07-23 16:38:13,2399.0
2022-07-24 00:01:11,2799.0
2022-07-24 05:46:32,2399.0
2022-07-24 12:01:25,2799.0
2022-07-24 16:30:59,2399.0
2022-07-24 20:26:21,2799.0
2022-07-25 00:10:35,2799.0
2022-07-25 19:31:05,2222.0
2022-07-26 03:51:09,2799.0
2022-07-27 03:51:58,2799.0
2022-07-28 04:07:03,2799.0
2022-07-28 20:47:28,2499.0
2022-07-29 23:32:32,2499.0
2022-07-30 18:44:43,2499.0
2022-07-31 18:40:24,2499.0
2022-08-01 00:13:23,2799.0
2022-08-01 19:06:29,2799.0
2022-08-03 06:14:55,2799.0
2022-08-04 13:25:03,2799.0
2022-08-05 06:06:43,2499.0
2022-08-05 12:07:05,2799.0
2022-08-05 15:11:37,2499.0
2022-08-05 17:12:02,2799.0
2022-08-06 02:08:19,2499.0
2022-08-06 03:51:59,2799.0
2022-08-06 11:23:57,2499.0
2022-08-07 15:48:44,2499.0
2022-08-09 02:45:06,2499.0
2022-08-10 10:12:27,2499.0
2022-08-11 05:25:51,2799.0
2022-08-11 21:39:21,2499.0
2022-08-13 00:21:36,2499.0
2022-08-13 02:43:39,2799.0
2022-08-13 19:03:03,2499.0
2022-08-13 20:07:58,2799.0
2022-08-14 04:35:21,2499.0
2022-08-14 06:51:22,2799.0
2022-08-14 23:30:19,2499.0
2022-08-15 06:41:12,2799.0
2022-08-17 01:42:06,2499.0
2022-08-17 03:49:34,2799.0
2022-08-17 20:22:09,2499.0
2022-08-18 02:21:23,2719.0
2022-08-18 11:06:23,2799.0
2022-08-19 18:41:17,2499.0
2022-08-19 20:58:58,2799.0
2022-08-20 13:21:21,2499.0
2022-08-20 18:11:17,2799.0
2022-08-21 03:33:21,2719.0
2022-08-22 07:39:36,2499.0
2022-08-22 08:45:21,2799.0
2022-08-22 12:55:42,2499.0
2022-08-22 15:12:14,2719.0
2022-08-23 08:11:05,2499.0
2022-08-23 08:45:27,2799.0
2022-08-23 12:25:10,2499.0
2022-08-24 03:25:04,2799.0
2022-08-25 12:20:35,2799.0
2022-08-25 15:13:55,2499.0
2022-08-26 08:12:34,2799.0
2022-08-26 11:59:59,2499.0
2022-08-26 21:16:45,2799.0
2022-08-27 05:03:52,2499.0
2022-08-27 22:23:29,2799.0
2022-08-28 02:35:33,2719.0
2022-08-28 04:38:17,2799.0
2022-08-29 02:40:03,2499.0
2022-08-30 00:22:40,2799.0
2022-08-30 04:51:16,2499.0
2022-08-30 23:21:06,2799.0
2022-08-31 02:37:44,2699.0
2022-08-31 04:14:42,2799.0
2022-08-31 08:52:57,2499.0
2022-08-31 17:05:38,2719.0
2022-08-31 17:23:43,2699.0
2022-08-31 17:59:16,2799.0
2022-08-31 18:05:08,2499.0
2022-09-01 08:07:38,2799.0
2022-09-02 23:28:34,2799.0
2022-09-03 18:39:46,2799.0
2022-09-04 17:11:35,2499.0
2022-09-04 20:46:51,2799.0
2022-09-05 00:22:46,2499.0
2022-09-05 01:39:00,2799.0
2022-09-05 20:51:38,2499.0
2022-09-05 22:23:26,2799.0
2022-09-06 12:12:42,2499.0
2022-09-06 15:25:37,2799.0
2022-09-07 06:18:20,2499.0
2022-09-07 11:30:46,2799.0
2022-09-07 12:57:37,2499.0
2022-09-07 13:28:44,2799.0
2022-09-07 21:26:24,2499.0
2022-09-08 01:19:29,2799.0
2022-09-08 05:54:20,2499.0
2022-09-08 08:53:15,2799.0
2022-09-08 18:44:29,2499.0
2022-09-08 21:56:07,2699.0
2022-09-09 01:11:54,2799.0
2022-09-09 01:41:45,2499.0
2022-09-09 06:26:35,2799.0
2022-09-09 09:47:11,2499.0
2022-09-09 12:08:14,2719.0
2022-09-09 13:12:39,2499.0
2022-09-10 02:57:53,2799.0
2022-09-10 02:59:49,2499.0
2022-09-10 16:47:48,2799.0
2022-09-10 18:45:49,2499.0
2022-09-10 20:38:15,2799.0
2022-09-11 02:20:15,2499.0
2022-09-12 05:20:49,2799.0
2022-09-12 09:53:16,2499.0
2022-09-12 15:38:52,2799.0
2022-09-12 20:10:53,2499.0
2022-09-13 07:03:41,2799.0
2022-09-13 09:13:51,2499.0
2022-09-13 14:54:22,2799.0
2022-09-13 19:02:55,2499.0
2022-09-14 21:57:23,2499.0
2022-09-15 12:42:17,2799.0
2022-09-15 13:57:08,2499.0
2022-09-16 02:12:12,2440.0
2022-09-16 14:34:29,2799.0
2022-09-16 14:55:59,2499.0
2022-09-16 16:36:47,2799.0
2022-09-16 21:53:33,2499.0
2022-09-16 22:07:32,2799.0
2022-09-17 17:58:39,2499.0
2022-09-17 20:36:20,2799.0
2022-09-19 10:41:50,2799.0
2022-09-20 05:06:51,2499.0
2022-09-20 06:42:34,2799.0
2022-09-20 13:23:50,2499.0
2022-09-21 00:33:14,2799.0
2022-09-21 18:38:03,2499.0
2022-09-21 20:40:45,2799.0
2022-09-21 22:53:59,2499.0
2022-09-22 01:43:39,2799.0
2022-09-22 15:47:55,2499.0
2022-09-22 18:49:54,2799.0
2022-09-22 18:50:23,2499.0
2022-09-22 19:41:05,2399.0
2022-09-22 20:36:26,2499.0
2022-09-23 04:03:49,2799.0
2022-09-23 08:38:27,2440.0
2022-09-23 08:53:56,2399.0
2022-09-23 12:11:42,2440.0
2022-09-23 12:37:55,2799.0
2022-09-23 12:58:02,2399.0
2022-09-23 15:34:47,2799.0
2022-09-23 15:41:29,2399.0
2022-09-23 15:44:08,2799.0
2022-09-23 15:51:22,2399.0
2022-09-23 19:25:16,2799.0
2022-09-23 21:44:08,2399.0
2022-09-24 00:13:19,2799.0
2022-09-24 03:30:20,2399.0
2022-09-24 04:06:32,2799.0
2022-09-24 04:59:08,2399.0
2022-09-24 08:29:37,2799.0
2022-09-24 12:38:58,2399.0
2022-09-24 16:15:30,2799.0
2022-09-24 20:02:16,2399.0
2022-09-24 22:32:54,2799.0
2022-09-25 01:52:08,2399.0
2022-09-25 04:55:54,2499.0
2022-09-25 04:56:57,2399.0
2022-09-25 13:04:56,2799.0
2022-09-25 16:12:01,2399.0
2022-09-25 20:20:15,2499.0
2022-09-26 01:34:48,2799.0
2022-09-26 06:47:04,2499.0
2022-09-26 06:50:43,2399.0
2022-09-26 09:27:53,2499.0
2022-09-26 11:34:16,2399.0
2022-09-27 00:10:41,2499.0
2022-09-27 05:20:30,2399.0
2022-09-27 08:30:45,2499.0
2022-09-27 16:45:44,2399.0
2022-09-27 20:04:42,2499.0
2022-09-27 22:28:22,2399.0
2022-09-28 06:57:12,2499.0
2022-09-28 10:36:57,2399.0
2022-09-28 14:26:07,2499.0
2022-09-28 16:41:50,2440.0
2022-09-28 17:54:46,2399.0
2022-09-28 18:45:23,2440.0
2022-09-28 22:17:00,2799.0
2022-09-29 06:34:28,2399.0
2022-09-29 09:29:51,2799.0
2022-09-29 09:50:18,2399.0
2022-09-29 11:25:17,2799.0
2022-09-29 17:02:25,2399.0
2022-09-29 19:26:59,2799.0
2022-09-29 21:37:01,2399.0
2022-09-29 22:21:05,2799.0
2022-09-30 00:31:48,2399.0
2022-09-30 07:37:29,2799.0
2022-09-30 08:45:49,2399.0
2022-09-30 09:01:26,2799.0
2022-09-30 11:37:42,2399.0
2022-09-30 15:08:19,2799.0
2022-09-30 15:19:04,2399.0
2022-09-30 17:44:30,2799.0
2022-09-30 18:31:19,2399.0
2022-09-30 22:01:27,2799.0
2022-10-01 00:02:38,2399.0
2022-10-01 02:35:06,2799.0
2022-10-01 03:28:23,2399.0
2022-10-01 05:32:11,2799.0
2022-10-01 07:36:10,2399.0
2022-10-01 09:56:10,2799.0
2022-10-01 12:03:46,2399.0
2022-10-01 14:38:33,2799.0
2022-10-01 15:25:08,2399.0
2022-10-02 15:28:54,2399.0
2022-10-04 17:44:11,2399.0
2022-10-05 17:58:49,2399.0
2022-10-06 19:02:07,2399.0
2022-10-07 23:10:30,2399.0
2022-10-09 03:47:26,2399.0
2022-10-10 06:15:34,2399.0
2022-10-10 21:49:14,2450.0
2022-10-11 00:00:03,2399.0
2022-10-11 07:29:24,2499.0
2022-10-11 09:52:29,2399.0
2022-10-11 21:00:46,2499.0
2022-10-11 22:19:40,2399.0
2022-10-12 01:01:48,2499.0
2022-10-15 12:46:21,2399.0
2022-10-15 17:54:54,2499.0
2022-10-15 21:27:39,2399.0
2022-10-16 10:12:39,2499.0
2022-10-16 13:59:31,2399.0
2022-10-16 14:25:26,2499.0
2022-10-16 18:44:28,2399.0
2022-10-16 19:04:07,2499.0
2022-10-16 23:06:27,2399.0
2022-10-17 07:04:12,2499.0
2022-10-17 08:37:22,2399.0
2022-10-17 12:08:55,2499.0
2022-10-17 16:43:04,2399.0
2022-10-17 18:05:59,2499.0
2022-10-17 22:28:07,2399.0
2022-10-17 22:58:12,2499.0
2022-10-18 03:19:11,2399.0
2022-10-18 09:24:08,2499.0
2022-10-19 09:08:48,2399.0
2022-10-19 10:11:29,2499.0
2022-10-19 14:15:27,2399.0
2022-10-19 14:55:19,2499.0
2022-10-20 09:16:01,2399.0
2022-10-20 09:45:42,2450.0
2022-10-20 13:21:23,2499.0
2022-10-21 15:00:27,2499.0
2022-10-22 17:52:16,2499.0
2022-10-22 18:51:23,2499.0
2022-10-23 18:47:54,2499.0
2022-10-23 22:39:13,2799.0
2022-10-24 02:39:08,2499.0
2022-10-24 03:30:39,2799.0
2022-10-24 03:36:18,2499.0
2022-10-24 07:55:16,2799.0
2022-10-24 12:01:27,2499.0
2022-10-24 16:44:59,2799.0
2022-10-24 20:07:42,2499.0
2022-10-25 00:40:06,2799.0
2022-10-25 04:48:12,2499.0
2022-10-25 09:04:07,2799.0
2022-10-25 12:57:51,2499.0
2022-10-25 20:29:50,2799.0
2022-10-26 01:07:47,2499.0
2022-10-26 11:08:08,2799.0
2022-10-26 15:05:36,2499.0
2022-10-26 16:23:12,2799.0
2022-10-26 18:11:01,2499.0
2022-10-26 23:09:21,2799.0
2022-10-27 06:30:56,2499.0
2022-10-27 11:08:31,2799.0
2022-10-27 17:55:53,2499.0
2022-10-27 18:40:55,2799.0
2022-10-27 23:13:23,2499.0
2022-10-28 02:36:37,2799.0
2022-10-28 07:48:02,2499.0
2022-10-28 11:01:45,2799.0
2022-10-28 17:40:04,2499.0
2022-10-28 18:01:48,2799.0
2022-10-28 21:50:00,2499.0
2022-10-29 00:41:59,2799.0
2022-10-29 04:29:19,2499.0
2022-10-29 05:02:59,2799.0
2022-10-29 08:04:00,2499.0
2022-10-29 08:30:03,2799.0
2022-10-29 12:01:15,2499.0
2022-10-29 12:39:32,2799.0
2022-10-29 13:00:01,2499.0
2022-10-29 16:54:10,2799.0
2022-10-30 16:34:03,2773.0
2022-10-30 21:14:45,2799.0
2022-10-31 02:47:56,2729.0
2022-10-31 10:40:31,2753.0
2022-10-31 11:01:16,2799.0
2022-10-31 12:44:50,2753.0
2022-10-31 16:59:33,2799.0
2022-10-31 21:49:16,2729.0
2022-11-01 01:59:00,2799.0
2022-11-01 06:10:44,2729.0
2022-11-01 11:09:20,2799.0
2022-11-01 15:47:42,2753.0
2022-11-01 15:50:27,2729.0
2022-11-01 20:36:28,2799.0
2022-11-02 00:08:36,2729.0
2022-11-02 04:27:42,2799.0
2022-11-02 05:01:13,2729.0
2022-11-02 08:24:37,2799.0
2022-11-02 08:43:37,2753.0
2022-11-02 12:35:32,2799.0
2022-11-02 13:58:32,2753.0
2022-11-02 16:16:19,2799.0
2022-11-02 16:36:00,2753.0
2022-11-03 01:55:18,2729.0
2022-11-03 10:10:44,2753.0
2022-11-03 16:07:23,2729.0
2022-11-03 20:28:53,2753.0
2022-11-04 21:10:07,2729.0
2022-11-05 01:16:40,2753.0
2022-11-05 10:49:48,2519.0
2022-11-05 11:33:24,2753.0
2022-11-06 02:17:28,2519.0
2022-11-06 06:49:39,2753.0
2022-11-06 11:55:03,4999.0
2022-11-06 12:19:08,2519.0
2022-11-06 15:38:27,2753.0
2022-11-06 21:06:49,2519.0
2022-11-06 21:48:01,2753.0
2022-11-06 21:59:47,2519.0
2022-11-07 02:19:15,2753.0
2022-11-07 07:06:18,2519.0
2022-11-07 11:36:41,2753.0
2022-11-07 11:52:32,2519.0
2022-11-07 23:08:22,2753.0
2022-11-08 03:43:20,2519.0
2022-11-08 04:37:08,2753.0
2022-11-08 07:04:11,2519.0
2022-11-08 07:32:31,2753.0
2022-11-08 13:16:52,2519.0
2022-11-08 13:31:35,2753.0
2022-11-08 17:07:24,2519.0
2022-11-08 17:25:44,2753.0
2022-11-08 22:46:26,2519.0
2022-11-09 03:53:00,2753.0
2022-11-09 08:55:28,2519.0
2022-11-09 09:03:10,2753.0
2022-11-09 12:56:51,2519.0
2022-11-09 13:45:06,2753.0
2022-11-09 23:12:52,2519.0
2022-11-13 04:18:10,2799.0
2022-11-22 16:03:35,2519.0
2022-11-22 18:52:44,2519.0
2022-11-23 21:16:52,2519.0
2022-11-24 19:22:54,2519.0
2022-11-26 18:31:00,2799.0
2022-11-26 18:36:41,2519.0
2022-11-26 20:26:16,2799.0
2022-11-27 03:26:48,2519.0
2022-11-28 05:38:54,2519.0
2022-11-29 17:49:51,2519.0
2022-11-30 11:35:02,2799.0
2022-11-30 11:36:46,2519.0
2022-11-30 16:40:58,2799.0
2022-11-30 20:17:07,2519.0
2022-12-01 04:16:54,2799.0
2022-12-01 04:32:15,2519.0
2022-12-01 09:10:13,2799.0
2022-12-01 12:41:01,2519.0
2022-12-01 20:31:49,2799.0
2022-12-01 20:49:12,2519.0
2022-12-02 01:31:38,2799.0
2022-12-02 21:13:56,2519.0
2022-12-02 21:33:13,2799.0
2022-12-03 05:32:50,2519.0
2022-12-03 05:57:29,2799.0
2022-12-03 19:09:34,2519.0
2022-12-03 22:50:01,2799.0
2022-12-04 06:59:13,2519.0
2022-12-04 07:14:33,2799.0
2022-12-04 11:56:57,2519.0
2022-12-04 15:34:53,2799.0
2022-12-04 20:15:19,2519.0
2022-12-04 23:55:21,2799.0
2022-12-05 04:35:40,2519.0
2022-12-05 06:28:06,2799.0
2022-12-05 07:51:53,2519.0
2022-12-05 08:18:57,2799.0
2022-12-05 12:59:09,2519.0
2022-12-05 13:09:49,2799.0
2022-12-05 20:30:04,2519.0
2022-12-06 22:05:47,2519.0
2022-12-08 01:43:47,2519.0
2022-12-08 19:48:43,2519.0
2022-12-13 06:44:49,2799.0
2022-12-17 11:32:19,2519.0
2022-12-19 06:26:49,2369.0
2022-12-19 09:33:37,2399.0
2022-12-20 06:16:09,2519.0
2022-12-22 14:52:11,2799.0
2022-12-25 06:10:13,2519.0
2022-12-25 06:11:06,2799.0
2022-12-25 06:24:32,2519.0
2022-12-25 07:20:53,2799.0
2022-12-25 18:53:03,2799.0
2022-12-26 17:15:53,2519.0
2022-12-26 17:16:41,2799.0
2022-12-26 22:37:31,2519.0
2022-12-27 01:23:37,2799.0
2022-12-27 17:01:17,2519.0
2022-12-27 22:49:52,2799.0
2022-12-28 05:37:35,2519.0
2022-12-29 07:23:55,2519.0
2022-12-29 11:31:52,2799.0
2022-12-29 11:38:06,2519.0
2022-12-29 12:29:45,2799.0
2022-12-29 22:26:22,2519.0
2022-12-30 20:29:00,2799.0
2022-12-31 05:02:11,2519.0
2022-12-31 12:47:23,2799.0
2022-12-31 12:48:04,2519.0
2023-01-01 09:24:26,2799.0
2023-01-02 16:37:51,2519.0
2023-01-02 17:00:46,2799.0
2023-01-02 21:35:07,2519.0
2023-01-03 01:18:59,2799.0
2023-01-03 14:25:22,2519.0
2023-01-03 14:25:52,2799.0
2023-01-03 15:55:58,2519.0
2023-01-03 16:11:46,2799.0
2023-01-04 16:35:43,2799.0
2023-01-05 17:58:08,2799.0
2023-01-06 18:24:51,2519.0
2023-01-06 18:41:22,2799.0
2023-01-06 21:26:37,2519.0
2023-01-07 02:53:09,2799.0
2023-01-07 07:25:05,2519.0
2023-01-07 11:40:08,2799.0
2023-01-07 16:10:51,2519.0
2023-01-07 16:11:38,2799.0
2023-01-07 19:39:43,2519.0
2023-01-07 19:57:00,2799.0
2023-01-08 03:39:31,2519.0
2023-01-08 04:23:28,2799.0
2023-01-08 08:58:14,2519.0
2023-01-08 08:59:33,2799.0
2023-01-08 12:02:06,2519.0
2023-01-08 19:57:37,2799.0
2023-01-09 03:18:45,2519.0
2023-01-09 03:35:08,2799.0
2023-01-09 03:35:48,2499.0
2023-01-09 03:36:59,2799.0
2023-01-09 11:20:26,2519.0
2023-01-09 16:22:54,2799.0
2023-01-10 03:25:36,2519.0
2023-01-10 03:28:38,2799.0
2023-01-10 08:14:02,2519.0
2023-01-10 11:49:49,2799.0
2023-01-10 16:22:34,2519.0
2023-01-10 16:49:02,2799.0
2023-01-10 19:32:29,2519.0
2023-01-10 19:53:19,2799.0
2023-01-11 11:25:56,2519.0
2023-01-11 11:46:20,2799.0
2023-01-12 03:34:47,2519.0
2023-01-12 03:50:00,2799.0
2023-01-13 07:59:27,2519.0
2023-01-13 08:14:47,2799.0
2023-01-13 11:03:06,2519.0
2023-01-13 11:18:28,2799.0
2023-01-14 02:41:02,2519.0
2023-01-14 02:59:00,2799.0
2023-01-14 19:12:29,2398.0
2023-01-14 20:38:53,2519.0
2023-01-14 20:51:34,2398.0
2023-01-14 23:45:28,2519.0
2023-01-15 00:33:09,2398.0
2023-01-15 07:42:39,2519.0
2023-01-15 11:11:21,2398.0
2023-01-15 23:50:23,2519.0
2023-01-16 03:20:23,2398.0
2023-01-16 07:54:29,2519.0
2023-01-16 09:07:49,2398.0
2023-01-16 19:31:30,2519.0
2023-01-17 03:29:58,2398.0
2023-01-17 05:23:29,2799.0
2023-01-17 11:56:26,2398.0
2023-01-17 19:33:51,2799.0
2023-01-17 19:49:01,2398.0
2023-01-17 23:05:49,2799.0
2023-01-18 03:30:20,2398.0
2023-01-18 08:04:50,2799.0
2023-01-18 09:10:53,2398.0
2023-01-18 15:50:12,2799.0
2023-01-18 19:24:37,2398.0
2023-01-19 17:14:50,2799.0
2023-01-19 21:40:07,2398.0
2023-01-20 12:44:20,2799.0
2023-01-20 12:56:30,2398.0
2023-01-20 14:18:40,2799.0
2023-01-20 18:17:26,2398.0
2023-01-20 21:47:13,2799.0
2023-01-21 20:08:51,2799.0
2023-01-22 05:55:56,2499.0
2023-01-22 07:27:13,2519.0
2023-01-22 08:02:14,2499.0
2023-01-22 14:03:23,2799.0
2023-01-23 00:32:18,2519.0
2023-01-23 11:05:58,2499.0
2023-01-23 15:22:50,2799.0
2023-01-23 16:13:41,2519.0
2023-01-23 16:16:43,2799.0
2023-01-24 02:13:12,2519.0
2023-01-24 02:17:16,2799.0
2023-01-24 17:29:24,2399.0
2023-01-25 01:45:43,2398.0
2023-01-25 03:10:26,2799.0
2023-01-25 03:29:59,2398.0
2023-01-25 11:12:27,2799.0
2023-01-25 13:35:17,2398.0
2023-01-25 14:12:20,2519.0
2023-01-25 14:30:34,2398.0
2023-01-25 16:03:54,2799.0
2023-01-25 17:07:37,2519.0
2023-01-25 21:20:09,2398.0
2023-01-26 14:23:58,2799.0
2023-01-27 07:09:39,2499.0
2023-01-27 21:01:07,2398.0
2023-01-28 05:36:30,2799.0
2023-01-28 08:48:10,2398.0
2023-01-28 13:54:21,2799.0
2023-01-29 14:07:38,2799.0
2023-01-29 21:00:17,2499.0
2023-01-30 05:53:10,2799.0
2023-01-30 08:44:39,2499.0
2023-01-30 09:02:29,2799.0
2023-01-30 17:01:26,2499.0
2023-01-30 17:12:36,2799.0
2023-01-30 19:48:23,2499.0
2023-01-31 08:46:20,2799.0
2023-01-31 10:19:59,2499.0
2023-02-01 09:16:18,2799.0
2023-02-02 11:36:22,2799.0
2023-02-03 17:05:17,2799.0
2023-02-04 15:16:28,2399.0
2023-02-05 02:48:45,2799.0
2023-02-05 13:16:18,2398.0
2023-02-05 16:59:32,2799.0
2023-02-06 00:29:17,2398.0
2023-02-06 00:40:34,2799.0
2023-02-06 05:11:51,2398.0
2023-02-06 11:50:01,2799.0
2023-02-06 12:18:12,2398.0
2023-02-06 12:24:45,2799.0
2023-02-06 15:06:41,2398.0
2023-02-06 15:22:42,2799.0
2023-02-06 19:39:11,2398.0
2023-02-06 22:41:55,2649.0
2023-02-07 01:15:02,2398.0
2023-02-07 04:33:40,2799.0
2023-02-07 04:55:11,2398.0
2023-02-07 05:10:22,2649.0
2023-02-07 09:41:09,2398.0
2023-02-07 09:45:48,2649.0
2023-02-08 00:59:55,2398.0
2023-02-08 01:46:19,2649.0
2023-02-08 09:53:58,2499.0
2023-02-08 14:10:18,2649.0
2023-02-08 18:29:30,2499.0
2023-02-09 00:35:55,2649.0
2023-02-09 04:44:46,2799.0
2023-02-09 09:55:30,2649.0
2023-02-09 14:28:51,2799.0
2023-02-09 19:37:09,2649.0
2023-02-10 04:06:47,2799.0
2023-02-10 04:50:31,2649.0
2023-02-10 14:56:15,2799.0
2023-02-11 01:27:34,2649.0
2023-02-11 11:17:28,2799.0
2023-02-11 11:40:50,2649.0
2023-02-12 02:09:44,2799.0
2023-02-12 08:12:24,2649.0
2023-02-12 13:20:54,2799.0
2023-02-12 13:28:29,2649.0
2023-02-12 13:46:15,2799.0
2023-02-12 18:10:29,2649.0
2023-02-12 22:53:01,2799.0
2023-02-13 04:24:49,2649.0
2023-02-13 14:42:43,2799.0
2023-02-13 19:04:10,2649.0
2023-02-13 19:07:23,2799.0
2023-02-13 22:01:33,2649.0
2023-02-13 22:30:12,2799.0
2023-02-14 01:29:19,2649.0
2023-02-14 01:31:44,2799.0
2023-02-14 01:36:15,2649.0
2023-02-14 01:39:59,2799.0
2023-02-14 09:12:18,2649.0
2023-02-14 09:31:52,2499.0
2023-02-14 12:15:03,2649.0
2023-02-14 13:20:34,2799.0
2023-02-14 17:11:27,2649.0
2023-02-14 20:23:02,2799.0
2023-02-15 03:02:05,2649.0
2023-02-15 03:42:46,2799.0
2023-02-15 22:57:24,2799.0
2023-02-16 13:35:01,2649.0
2023-02-16 16:22:58,2799.0
2023-02-16 20:24:49,2799.0
2023-02-17 21:44:57,2799.0
2023-02-18 05:44:00,2649.0
2023-02-18 06:33:21,2799.0
2023-02-19 08:35:58,2799.0
2023-02-19 11:21:52,2649.0
2023-02-19 12:21:41,2799.0
2023-02-19 16:26:46,2649.0
2023-02-19 16:44:04,2799.0
2023-02-20 16:04:51,2649.0
2023-02-20 16:07:12,2799.0
2023-02-20 19:35:44,2649.0
2023-02-20 20:22:46,2799.0
2023-02-21 09:28:05,2649.0
2023-02-21 13:18:23,2799.0
2023-02-22 02:26:08,2649.0
2023-02-22 05:56:22,2799.0
2023-02-22 11:39:08,2649.0
2023-02-22 16:15:18,2799.0
2023-02-22 18:37:59,2649.0
2023-02-23 09:03:54,2799.0
2023-02-23 09:14:04,2649.0
2023-02-23 14:12:42,2799.0
2023-02-23 14:16:05,2649.0
2023-02-23 18:31:40,2799.0
2023-02-24 09:01:22,2649.0
2023-02-25 18:10:51,2799.0
2023-02-25 19:00:08,2649.0
2023-02-26 04:13:07,2799.0
2023-02-26 04:50:15,2649.0
2023-02-26 15:58:01,2799.0
2023-02-26 17:34:47,2649.0
2023-02-27 12:20:55,2799.0
2023-02-28 15:45:57,2799.0
2023-02-28 22:45:38,2799.0
2023-03-02 14:49:33,2649.0
2023-03-02 21:19:45,2799.0
2023-03-03 03:03:35,2649.0
2023-03-03 03:07:59,2799.0
2023-03-04 03:33:52,2649.0
2023-03-04 04:38:13,2799.0
2023-03-04 21:01:36,2599.0
2023-03-05 09:00:04,2799.0
2023-03-05 13:27:54,2649.0
2023-03-05 18:43:56,2499.0
2023-03-06 13:40:26,2799.0
2023-03-06 16:51:10,2499.0
2023-03-06 17:58:31,2649.0
2023-03-06 18:56:53,2499.0
2023-03-07 01:43:22,2649.0
2023-03-07 13:11:12,2799.0
2023-03-07 13:17:40,2499.0
2023-03-07 13:22:28,2799.0
2023-03-07 13:22:45,2499.0
2023-03-07 13:34:40,2799.0
2023-03-07 18:18:47,2499.0
2023-03-08 00:57:20,2799.0
2023-03-08 07:19:07,2599.0
2023-03-08 20:53:36,2599.0
2023-03-09 22:49:48,2599.0
2023-03-10 21:45:32,2599.0
2023-03-11 20:00:12,2649.0
2023-03-12 14:37:31,2599.0
2023-03-13 18:32:05,2420.0
2023-03-15 07:00:58,2599.0
2023-03-22 04:21:25,2499.0
2023-04-05 21:35:46,2299.0
2023-04-17 16:30:50,2499.0
2023-04-27 09:10:42,2599.0
2023-04-27 13:01:37,2499.0
2023-04-27 16:50:05,2599.0
2023-04-27 16:52:42,2499.0
2023-04-27 17:06:51,2599.0
2023-04-27 17:34:44,2499.0
2023-04-27 20:52:41,2649.0
2023-04-27 21:45:05,2499.0
2023-04-28 05:38:59,2649.0
2023-05-01 09:13:09,2499.0
2023-05-01 18:54:45,2199.0
2023-05-01 22:00:57,2199.0
2023-05-04 04:11:45,2198.0
2023-05-04 07:08:25,2197.0
2023-05-05 13:49:47,2197.0
2023-05-06 19:08:16,2197.0
2023-05-08 04:53:14,2197.0
2023-05-09 05:01:05,2197.0
2023-05-10 05:06:24,2197.0
2023-05-11 07:07:51,2499.0
2023-05-12 07:08:06,2499.0
2023-05-13 08:22:03,2499.0
2023-05-14 13:41:48,2499.0
2023-05-15 16:56:02,2499.0
2023-05-16 19:08:26,2499.0
2023-05-17 19:08:26,2499.0
2023-05-18 19:08:28,2499.0
2023-05-19 07:40:07,1499.0
2023-05-19 10:31:37,2499.0
2023-05-20 19:08:27,2499.0
2023-05-22 07:08:17,2499.0
2023-05-23 07:08:33,2499.0
2023-05-24 07:08:41,2499.0
2023-05-25 07:08:47,2499.0
2023-05-26 07:08:48,2499.0
2023-05-27 05:27:33,2299.0
2023-05-28 07:08:43,2299.0
2023-05-29 07:09:39,2299.0
2023-05-30 17:44:07,2299.0
2023-05-31 19:09:41,2299.0
2023-06-02 04:10:29,2299.0
2023-06-03 04:58:06,2299.0
2023-06-04 05:54:51,2299.0
2023-06-05 07:09:24,2299.0
2023-06-05 19:09:40,2499.0
2023-06-06 12:19:34,2299.0
2023-06-07 07:09:16,2499.0
2023-06-07 21:25:36,2299.0
2023-06-08 11:26:21,2499.0
2023-06-09 16:11:16,2499.0
2023-06-10 17:24:47,2499.0
2023-06-11 17:45:18,2499.0
2023-06-12 18:13:37,2499.0
2023-06-12 19:49:22,2499.0
2023-06-13 21:53:25,2499.0
2023-06-14 18:59:53,2499.0
2023-06-15 19:10:22,2499.0
2023-06-16 20:36:31,2499.0
2023-06-17 20:36:34,2499.0
2023-06-19 04:43:20,2499.0
2023-06-20 06:06:03,2499.0
2023-06-20 18:49:52,2499.0
2023-06-22 10:52:31,2499.0
2023-06-23 02:19:31,2299.0
2023-06-23 18:54:14,2499.0
2023-06-24 11:13:30,2298.0
2023-06-25 16:32:56,2298.0
2023-06-26 19:10:42,2298.0
2023-06-27 14:45:34,2499.0
2023-06-28 11:54:44,2299.0
2023-06-29 04:19:59,2499.0
2023-06-29 20:12:16,2499.0
2023-07-01 04:27:08,2299.0
2023-07-01 12:16:28,2499.0
2023-07-02 17:36:32,2499.0
2023-07-03 17:37:56,2499.0
2023-07-04 17:52:58,2499.0
2023-07-05 18:35:13,2499.0
2023-07-06 13:32:27,2299.0
2023-07-07 13:59:33,2499.0
2023-07-08 16:19:22,2499.0
2023-07-08 19:04:13,2499.0
2023-07-09 19:40:30,2499.0
2023-07-10 19:00:31,2499.0
2023-07-11 19:30:32,2499.0
2023-07-12 19:38:05,2499.0
2023-07-13 08:52:07,2099.0
2023-07-13 14:47:21,2499.0
2023-07-13 16:31:16,2099.0
2023-07-13 16:46:53,2499.0
2023-07-13 18:09:20,2099.0
2023-07-13 18:14:14,2499.0
2023-07-13 19:54:13,2099.0
2023-07-14 01:51:03,2499.0
2023-07-14 02:16:42,2099.0
2023-07-14 04:20:52,2499.0
2023-07-14 08:52:04,2099.0
2023-07-14 12:14:21,2499.0
2023-07-14 12:38:14,2099.0
2023-07-14 15:12:21,2499.0
2023-07-14 16:23:46,2099.0
2023-07-15 16:44:19,2099.0
2023-07-15 19:11:34,2499.0
2023-07-16 04:40:27,2099.0
2023-07-16 07:11:05,2499.0
2023-07-16 08:47:09,2099.0
2023-07-17 11:20:43,2099.0
2023-07-18 12:11:53,2099.0
2023-07-19 13:31:50,2099.0
2023-07-20 05:52:02,2499.0
2023-07-21 07:11:20,2499.0
2023-07-22 16:22:10,2499.0
2023-07-23 18:20:01,2499.0
2023-07-24 09:29:29,2299.0
2023-07-25 11:24:33,2299.0
2023-07-26 16:27:58,2298.0
2023-07-27 17:27:02,2298.0
2023-07-28 21:11:36,2298.0
2023-07-30 07:12:19,2298.0
2023-07-31 07:12:29,2298.0
2023-08-01 11:41:18,2298.0
2023-08-01 18:38:33,2299.0
2023-08-02 19:12:34,2299.0
2023-08-03 08:24:29,2099.0
2023-08-03 12:37:46,2299.0
2023-08-03 12:38:53,2099.0
2023-08-03 13:06:32,2299.0
2023-08-03 16:42:06,2099.0
2023-08-03 18:47:29,2098.0
2023-08-04 19:12:03,2098.0
2023-08-06 04:48:58,2098.0
2023-08-07 07:11:50,2098.0
2023-08-08 07:12:26,2098.0
2023-08-09 10:07:36,2099.0
2023-08-09 11:44:51,2097.0
2023-08-09 19:12:13,2199.0
2023-08-11 04:58:58,2299.0
2023-08-12 05:32:39,2299.0
2023-08-13 05:33:18,2299.0
2023-08-14 05:47:56,2299.0
2023-08-15 06:41:31,2299.0
2023-08-16 07:13:43,2299.0
2023-08-17 11:48:30,2299.0
2023-08-18 13:49:25,2299.0
2023-08-18 16:20:14,2299.0
2023-08-19 09:05:15,2299.0
2023-08-20 19:13:44,2299.0
2023-08-21 23:37:17,2299.0
2023-08-23 04:37:49,2299.0
2023-08-24 07:13:39,2299.0
2023-08-25 11:48:47,2299.0
2023-08-25 18:35:28,2099.0
2023-08-25 19:13:55,2299.0
2023-08-25 20:56:18,2099.0
2023-08-26 01:44:31,2299.0
2023-08-26 04:37:58,2099.0
2023-08-26 05:46:51,2299.0
2023-08-26 06:04:55,2099.0
2023-08-26 07:13:44,2299.0
2023-08-26 08:57:59,2099.0
2023-08-26 15:07:58,2299.0
2023-08-26 18:52:57,2099.0
2023-08-26 19:14:03,2299.0
2023-08-26 20:03:25,2099.0
2023-08-27 07:14:00,2299.0
2023-08-27 08:59:48,2099.0
2023-08-27 13:51:49,2299.0
2023-08-27 13:52:04,2099.0
2023-08-27 15:06:53,2299.0
2023-08-27 21:03:55,2099.0
2023-08-27 21:35:17,2299.0
2023-08-27 23:35:19,2099.0
2023-08-28 07:13:41,2299.0
2023-08-28 08:58:18,2099.0
2023-08-29 14:04:15,2299.0
2023-08-30 00:25:15,2299.0
2023-08-31 04:50:29,2299.0
2023-09-01 02:35:14,2299.0
2023-09-02 00:39:11,2249.0
2023-09-03 00:27:11,2299.0
2023-09-04 04:24:17,2299.0
2023-09-05 00:28:13,2299.0
2023-09-06 00:02:13,2249.0
2023-09-07 07:07:39,2299.0
2023-09-08 04:20:55,2299.0
2023-09-09 04:18:59,2299.0
2023-09-10 04:18:57,2299.0
2023-09-11 04:19:08,2299.0
2023-09-12 04:16:35,2299.0
2023-09-13 01:43:12,2218.0
2023-09-13 03:18:39,2218.0
2023-09-14 01:42:38,2218.0
2023-09-14 07:08:49,2299.0
2023-09-15 01:02:20,2299.0
2023-09-16 04:18:57,2299.0
2023-09-17 04:19:07,2299.0
2023-09-18 18:33:02,2099.0
2023-09-19 00:02:27,2099.0
2023-09-20 00:02:19,2099.0
2023-09-21 04:19:04,2099.0
2023-09-21 07:17:15,2299.0
2023-09-22 00:46:29,2299.0
2023-09-23 03:16:30,2299.0
2023-09-24 04:16:31,2299.0
2023-09-25 04:19:04,2299.0
2023-09-26 04:16:41,2299.0
2023-09-27 04:19:09,2299.0
2023-09-28 04:19:05,2299.0
2023-09-29 04:19:17,2299.0
2023-09-30 04:19:57,2299.0
2023-10-01 04:19:32,2299.0
2023-10-02 04:19:49,2299.0
2023-10-03 04:20:59,2299.0
2023-10-04 04:19:45,2299.0
2023-10-05 04:19:43,2299.0
2023-10-06 04:20:11,2299.0
2023-10-07 18:01:28,2099.0
2023-10-07 19:58:04,1999.0
2023-10-08 04:18:40,1999.0
2023-10-09 04:19:20,1999.0
2023-10-10 04:19:22,1999.0
2023-10-11 04:18:59,1999.0
2023-10-12 04:22:07,1999.0
2023-10-13 04:22:23,1999.0
2023-10-13 18:34:27,1999.0
2023-10-13 18:34:54,1999.0
2023-10-13 18:42:13,1999.0
2023-10-13 18:50:51,1999.0
2023-10-13 18:50:54,1999.0
2023-10-13 18:54:58,1999.0
2023-10-13 18:57:48,1999.0
2023-10-13 19:07:33,1999.0
2023-10-13 19:09:12,1694.07
2023-10-13 19:17:58,1999.0
2023-10-13 19:25:32,1999.0
2023-10-13 19:25:54,1999.0
2023-10-13 19:26:23,1999.0
2023-10-13 19:35:10,1999.0
2023-10-13 19:35:34,1999.0
2023-10-13 19:42:57,1999.0
2023-10-13 19:43:36,1999.0
2023-10-13 19:54:23,1999.0
2023-10-13 19:54:33,1999.0
2023-10-13 20:06:38,1999.0
2023-10-13 20:07:52,1999.0
2023-10-13 20:16:55,1999.0
2023-10-13 20:17:01,1999.0
2023-10-13 20:18:20,1999.0
2023-10-13 20:25:32,1999.0
2023-10-13 20:26:12,1999.0
2023-10-13 20:37:29,1999.0
2023-10-13 20:37:38,1999.0
2023-10-13 20:45:12,1999.0
2023-10-13 20:54:53,1999.0
2023-10-13 20:55:21,1999.0
2023-10-13 21:09:32,1999.0
2023-10-13 21:10:57,1999.0
2023-10-13 21:11:17,1999.0
2023-10-13 21:17:13,1999.0
2023-10-13 21:19:26,1999.0
2023-10-13 21:22:45,1999.0
2023-10-13 21:22:58,1999.0
2023-10-13 21:23:48,1999.0
2023-10-13 21:23:51,1999.0
2023-10-13 21:24:39,1999.0
2023-10-13 21:24:41,1999.0
2023-10-13 21:26:21,1999.0
2023-10-13 21:27:14,1999.0
2023-10-13 21:28:06,1999.0
2023-10-13 21:28:12,1999.0
2023-10-13 21:29:41,1999.0
2023-10-13 21:29:59,1999.0
2023-10-13 21:30:17,1999.0
2023-10-13 21:30:36,1999.0
2023-10-13 21:31:58,1999.0
2023-10-13 21:34:03,1999.0
2023-10-13 21:34:23,1999.0
2023-10-13 21:34:43,1999.0
2023-10-13 21:49:55,1999.0
2023-10-13 21:50:10,1999.0
2023-10-13 21:58:31,1999.0
2023-10-13 21:58:42,1999.0
2023-10-13 21:58:47,1999.0
2023-10-13 22:02:45,1999.0
2023-10-13 22:09:19,1999.0
2023-10-13 22:21:20,1999.0
2023-10-13 22:21:30,1999.0
2023-10-13 22:32:03,1999.0
2023-10-13 22:39:47,1999.0
2023-10-13 22:46:06,1999.0
2023-10-13 22:49:57,1999.0
2023-10-13 23:03:08,1999.0
2023-10-13 23:18:48,1999.0
2023-10-13 23:27:56,1999.0
2023-10-13 23:38:54,1999.0
2023-10-13 23:42:19,1999.0
2023-10-13 23:56:32,1999.0
2023-10-14 00:05:35,1999.0
2023-11-12 02:36:34,2099.0
2023-11-12 05:34:06,2299.0
2023-11-17 17:18:29,2099.0
2023-11-30 18:50:06,1949.0
2023-12-05 08:45:16,2099.0
2023-12-17 13:45:10,1949.0
2023-12-18 12:21:12,2099.0
2024-01-09 20:38:51,2099.0
2024-01-13 06:17:32,1899.0
2024-01-20 14:22:58,2099.0
2024-01-24 11:55:51,1799.0
2024-01-28 05:14:52,2099.0
2024-02-01 04:31:13,1799.0
2024-02-06 14:23:06,2099.0
2024-02-16 18:58:20,1899.0
2024-02-21 09:11:56,2099.0
2024-02-26 02:58:14,1899.0
2024-02-28 11:38:04,2099.0
2024-03-12 09:05:42,1899.0
2024-03-18 10:48:48,2099.0
2024-03-21 15:37:42,2049.0
2024-03-24 03:12:46,1849.0
2024-03-26 03:51:06,2049.0
2024-03-27 12:48:14,2099.0
2024-04-08 09:36:46,1799.0
2024-04-08 19:12:05,2099.0
2024-04-10 19:11:25,1899.0
2024-04-19 14:59:53,2099.0
2024-04-21 07:51:57,1980.0
2024-04-23 05:50:44,2099.0
2024-05-02 07:26:25,1799.0
2024-05-10 07:55:38,1999.0
2024-05-11 00:02:31,1999.0
2024-05-12 00:30:46,1999.0
2024-05-13 00:45:28,1999.0
2024-05-14 02:20:34,1999.0
2024-05-15 00:02:01,1999.0
2024-05-21 06:24:40,1899.0
2024-05-24 15:21:52,1999.0
2024-06-09 09:36:47,1799.0
2024-06-11 12:48:59,1899.0
2024-06-14 08:04:01,1890.0
2024-06-16 08:07:18,1899.0
2024-06-17 16:54:53,1999.0
2024-06-20 10:10:26,1799.0
2024-06-21 18:55:49,1699.0
2024-06-24 06:19:47,1799.0
2024-06-25 00:35:14,1799.0
2024-06-26 00:31:16,1799.0
2024-06-27 00:14:22,1799.0
2024-06-28 00:17:38,1799.0
2024-06-29 11:21:38,1789.0
2024-07-01 19:16:01,1799.0
2024-07-21 07:58:49,1599.0
2024-07-21 20:58:49,1699.0
2024-07-23 12:49:17,1698.0
2024-07-25 19:02:42,1699.0
2024-07-25 22:13:35,1799.0
2024-08-05 19:06:20,1599.0
2024-08-13 09:23:27,1799.0
2024-09-03 20:35:10,1699.0
2024-09-07 10:57:53,1799.0
2024-09-10 16:19:46,1599.0
2024-09-12 10:55:22,1799.0
2024-09-18 16:12:33,1599.0
2024-09-26 20:36:08,1397.0
2024-09-27 17:26:52,1497.0
2024-09-27 17:44:12,1397.0
2024-09-30 12:55:07,1497.0
2024-09-30 13:54:13,1397.0
2024-09-30 18:34:17,1497.0
2024-10-23 10:36:09,1399.0
2024-11-01 15:59:41,1590.0
2024-11-02 06:39:18,1599.0
2024-11-02 09:16:02,1590.0
2024-11-04 09:58:06,1599.0
2024-11-23 05:07:49,1499.0
2024-12-07 17:46:38,1599.0
2024-12-09 13:52:55,1498.0
2024-12-15 17:58:45,1499.0
2024-12-21 04:58:49,1599.0
2025-01-06 20:43:44,1499.0
2025-01-13 01:08:36,1349.0
2025-01-14 03:10:26,1499.0
2025-01-18 14:20:09,1349.0
2025-01-21 10:32:01,1499.0
2025-02-10 17:51:14,1399.0
2025-02-17 07:09:49,1499.0
2025-02-17 12:53:59,1399.0
2025-02-17 17:17:33,1499.0
2025-02-21 09:22:03,1399.0
2025-02-24 14:04:28,1499.0
2025-03-08 13:59:09,1399.0
2025-03-13 13:38:45,1499.0
2025-03-21 02:25:08,1349.0
2025-03-27 07:32:17,1499.0
2025-04-08 06:05:49,1399.0
2025-04-08 18:42:06,1299.0
2025-04-09 10:17:00,1399.0
2025-04-14 07:52:08,1499.0
2025-04-14 18:40:05,1399.0
2025-04-17 10:54:08,1499.0
2025-05-01 03:36:30,1299.0
2025-05-09 18:51:54,1499.0
2025-05-10 00:44:08,1499.0
2025-05-11 00:03:09,1499.0
2025-05-12 02:05:06,1499.0
2025-05-13 00:00:19,1499.0
2025-05-14 07:47:08,1499.0
2025-05-15 00:05:14,1499.0
2025-05-16 00:15:12,1499.0
2025-05-17 00:04:56,1499.0
2025-05-18 00:03:41,1499.0
2025-05-19 05:54:32,1499.0
2025-05-20 00:00:12,1499.0
2025-05-21 00:00:10,1499.0
2025-05-22 00:58:20,1499.0
2025-05-23 00:20:08,1499.0
2025-05-24 00:23:26,1499.0
2025-05-25 01:10:12,1499.0
2025-05-26 00:40:08,1499.0
2025-05-27 00:04:30,1499.0
2025-05-28 00:08:56,1499.0
2025-05-29 00:43:30,1499.0
2025-05-30 00:58:40,1499.0
2025-05-31 01:08:51,1499.0
2025-06-01 02:12:58,1499.0
2025-06-02 00:59:15,1499.0
2025-06-03 00:16:05,1499.0
2025-06-04 00:12:30,1499.0
2025-06-05 00:16:08,1499.0
2025-06-06 00:05:23,1499.0
2025-06-07 00:01:19,1499.0
2025-06-08 01:10:47,1499.0
2025-06-09 02:10:39,1499.0
2025-06-10 00:22:13,1499.0
2025-06-11 01:55:54,1499.0
2025-06-12 02:20:35,1499.0
2025-06-13 01:14:43,1499.0
2025-06-14 02:48:24,1499.0
2025-06-15 00:35:37,1499.0
2025-06-16 00:30:08,1499.0
2025-06-17 01:30:17,1499.0
2025-06-18 01:24:40,1499.0
2025-06-19 01:55:32,1499.0
2025-06-20 00:53:42,1499.0
2025-06-21 11:21:02,1499.0
2025-06-22 15:36:25,1499.0
2025-06-24 07:04:21,1499.0
2025-06-25 01:38:19,1499.0
2025-06-26 00:10:22,1499.0
2025-07-10 02:11:36,1399.0
2025-07-10 14:13:30,1499.0
2025-07-11 02:04:28,1399.0
2025-07-12 06:57:27,1398.0
2025-07-16 12:07:23,1499.0
2025-07-31 15:52:08,1399.0
2025-08-03 12:52:55,1386.0
2025-08-03 15:20:11,1209.0
2025-08-04 09:26:34,1399.0
2025-08-08 16:04:27,1499.0
2025-09-08 17:05:13,1599.0
2025-09-14 07:23:39,1499.0
2025-09-17 19:34:55,1399.0
